{"AD":{"y":42.546245,"x":1.601554},"AE":{"y":23.424076,"x":53.847818},"IAE":{"y":23.424076,"x":53.847818},"AF":{"y":33.93911,"x":67.709953},"AG":{"y":17.060816,"x":-61.796428},"AI":{"y":18.220554,"x":-63.068615},"AL":{"y":41.153332,"x":20.168331},"AM":{"y":40.069099,"x":45.038189},"AN":{"y":12.226079,"x":-69.060087},"AO":{"y":-11.202692,"x":17.873887},"AQ":{"y":-75.250973,"x":-0.071389},"AR":{"y":-38.416097,"x":-63.616672},"AS":{"y":-14.270972,"x":-170.132217},"AT":{"y":47.516231,"x":14.550072},"AX":{"y":60.178475,"x":19.991478},"AU":{"y":-25.274398,"x":133.775136},"AW":{"y":12.52111,"x":-69.968338},"AZ":{"y":40.143105,"x":47.576927},"BA":{"y":43.915886,"x":17.679076},"BB":{"y":13.193887,"x":-59.543198},"BD":{"y":23.684994,"x":90.356331},"BE":{"y":50.503887,"x":4.469936},"BF":{"y":12.238333,"x":-1.561593},"BG":{"y":42.733883,"x":25.48583},"BH":{"y":25.930414,"x":50.637772},"BI":{"y":-3.373056,"x":29.918886},"BJ":{"y":9.30769,"x":2.315834},"BL":{"y":17.899807,"x":-62.820845},"BM":{"y":32.321384,"x":-64.75737},"BN":{"y":4.535277,"x":114.727669},"BO":{"y":-16.290154,"x":-63.588653},"BR":{"y":-14.235004,"x":-51.92528},"BS":{"y":25.03428,"x":-77.39628},"BT":{"y":27.514162,"x":90.433601},"BV":{"y":-54.423199,"x":3.413194},"BW":{"y":-22.328474,"x":24.684866},"BY":{"y":53.709807,"x":27.953389},"BZ":{"y":17.189877,"x":-88.49765},"CA":{"y":56.130366,"x":-106.346771},"CC":{"y":-12.164165,"x":96.870956},"CD":{"y":-4.038333,"x":21.758664},"CF":{"y":6.611111,"x":20.939444},"CG":{"y":-0.228021,"x":15.827659},"CH":{"y":46.818188,"x":8.227512},"CI":{"y":7.539989,"x":-5.54708},"CK":{"y":-21.236736,"x":-159.777671},"CL":{"y":-35.675147,"x":-71.542969},"CM":{"y":7.369722,"x":12.354722},"CN":{"y":35.86166,"x":104.195397},"CO":{"y":4.570868,"x":-74.297333},"CR":{"y":9.748917,"x":-83.753428},"CU":{"y":21.521757,"x":-77.781167},"CV":{"y":16.002082,"x":-24.013197},"CX":{"y":-10.447525,"x":105.690449},"CY":{"y":35.126413,"x":33.429859},"CZ":{"y":49.817492,"x":15.472962},"CW":{"y":12.183061,"x":-68.990007},"DE":{"y":51.165691,"x":10.451526},"DJ":{"y":11.825138,"x":42.590275},"DK":{"y":56.26392,"x":9.501785},"DM":{"y":15.414999,"x":-61.370976},"DO":{"y":18.735693,"x":-70.162651},"DZ":{"y":28.033886,"x":1.659626},"EC":{"y":-1.831239,"x":-78.183406},"EE":{"y":58.595272,"x":25.013607},"EG":{"y":26.820553,"x":30.802498},"EH":{"y":24.215527,"x":-12.885834},"ER":{"y":15.179384,"x":39.782334},"ES":{"y":40.463667,"x":-3.74922},"ES-CE":{"y":35.888925,"x":-5.332484},"ES-ML":{"y":35.292699,"x":-2.945411},"ET":{"y":9.145,"x":40.489673},"FI":{"y":61.92411,"x":25.748151},"FJ":{"y":-16.578193,"x":179.414413},"FK":{"y":-51.796253,"x":-59.523613},"FM":{"y":6.857115,"x":158.218411},"FO":{"y":61.892635,"x":-6.911806},"FR":{"y":46.227638,"x":2.213749},"GA":{"y":-0.803689,"x":11.609444},"GB":{"y":55.378051,"x":-3.435973},"GD":{"y":12.262776,"x":-61.604171},"GE":{"y":42.315407,"x":43.356892},"GF":{"y":3.933889,"x":-53.125782},"GG":{"y":49.465691,"x":-2.585278},"GH":{"y":7.946527,"x":-1.023194},"GI":{"y":36.137741,"x":-5.345374},"GL":{"y":71.706936,"x":-42.604303},"GM":{"y":13.443182,"x":-15.310139},"GN":{"y":9.945587,"x":-9.696645},"GP":{"y":16.137489,"x":-61.653331},"GQ":{"y":1.650801,"x":10.267895},"GR":{"y":39.074208,"x":21.824312},"GS":{"y":-54.429579,"x":-36.587909},"GT":{"y":15.783471,"x":-90.230759},"GU":{"y":13.444304,"x":144.793731},"GW":{"y":11.803749,"x":-15.180413},"GY":{"y":4.860416,"x":-58.93018},"GZ":{"y":31.354676,"x":34.308825},"HK":{"y":22.396428,"x":114.109497},"HM":{"y":-53.08181,"x":73.504158},"HN":{"y":15.199999,"x":-86.241905},"HR":{"y":45.1,"x":15.2},"HT":{"y":18.971187,"x":-72.285215},"HU":{"y":47.162494,"x":19.503304},"ID":{"y":-0.789275,"x":113.921327},"IE":{"y":53.41291,"x":-8.24389},"IL":{"y":31.046051,"x":34.851612},"IM":{"y":54.236107,"x":-4.548056},"IN":{"y":20.593684,"x":78.96288},"IO":{"y":-6.343194,"x":71.876519},"IQ":{"y":33.223191,"x":43.679291},"IR":{"y":32.427908,"x":53.688046},"IS":{"y":64.963051,"x":-19.020835},"IT":{"y":41.87194,"x":12.56738},"JE":{"y":49.214439,"x":-2.13125},"JM":{"y":18.109581,"x":-77.297508},"JO":{"y":30.585164,"x":36.238414},"JP":{"y":36.204824,"x":138.252924},"KE":{"y":-0.023559,"x":37.906193},"KG":{"y":41.20438,"x":74.766098},"KH":{"y":12.565679,"x":104.990963},"KI":{"y":1.876608,"x":-157.381801},"KM":{"y":-11.875001,"x":43.872219},"KN":{"y":17.357822,"x":-62.782998},"KP":{"y":40.339852,"x":127.510093},"KR":{"y":35.907757,"x":127.766922},"KW":{"y":29.31166,"x":47.481766},"KY":{"y":19.513469,"x":-80.566956},"KZ":{"y":48.019573,"x":66.923684},"LA":{"y":19.85627,"x":102.495496},"LB":{"y":33.854721,"x":35.862285},"LC":{"y":13.909444,"x":-60.978893},"LI":{"y":47.166,"x":9.555373},"LK":{"y":7.873054,"x":80.771797},"LR":{"y":6.428055,"x":-9.429499},"LS":{"y":-29.609988,"x":28.233608},"LT":{"y":55.169438,"x":23.881275},"LU":{"y":49.815273,"x":6.129583},"LV":{"y":56.879635,"x":24.603189},"LY":{"y":26.3351,"x":17.228331},"MA":{"y":31.791702,"x":-7.09262},"MC":{"y":43.732598,"x":7.421793},"MD":{"y":47.411631,"x":28.369885},"ME":{"y":42.708678,"x":19.37439},"MF":{"y":18.085395,"x":-63.041792},"MG":{"y":-18.766947,"x":46.869107},"MH":{"y":7.131474,"x":171.184478},"MI":{"y":28.205491,"x":-177.381019},"MK":{"y":41.784883,"x":21.686291},"ML":{"y":17.570692,"x":-3.996166},"MM":{"y":21.913965,"x":95.956223},"MN":{"y":46.862496,"x":103.846656},"MO":{"y":22.198745,"x":113.543873},"MP":{"y":15.144504,"x":145.725002},"MQ":{"y":14.641528,"x":-61.024174},"MR":{"y":21.00789,"x":-10.940835},"MS":{"y":16.742498,"x":-62.187366},"MT":{"y":35.937496,"x":14.375416},"MU":{"y":-20.348404,"x":57.552152},"MV":{"y":3.202778,"x":73.22068},"MW":{"y":-13.254308,"x":34.301525},"MX":{"y":20.491397,"x":-101.225959},"MY":{"y":4.210484,"x":101.975766},"MZ":{"y":-18.665695,"x":35.529562},"NA":{"y":-22.95764,"x":18.49041},"NC":{"y":-20.904305,"x":165.618042},"NE":{"y":17.607789,"x":8.081666},"NF":{"y":-29.040835,"x":167.954712},"NG":{"y":9.081999,"x":8.675277},"NI":{"y":12.865416,"x":-85.207229},"BQ":{"y":12.191751,"x":-68.254219},"NL":{"y":52.132633,"x":5.291266},"INL":{"y":52.132633,"x":5.291266},"NO":{"y":60.472024,"x":8.468946},"NP":{"y":28.394857,"x":84.124008},"NR":{"y":-0.522778,"x":166.931503},"NU":{"y":-19.054445,"x":-169.867233},"NZ":{"y":-40.900557,"x":174.885971},"OM":{"y":21.512583,"x":55.923255},"PA":{"y":8.537981,"x":-80.782127},"PE":{"y":-9.189967,"x":-75.015152},"PF":{"y":-17.679742,"x":-149.406843},"PG":{"y":-6.314993,"x":143.95555},"PH":{"y":12.879721,"x":121.774017},"PK":{"y":30.375321,"x":69.345116},"PL":{"y":51.919438,"x":19.145136},"PM":{"y":46.941936,"x":-56.27111},"PN":{"y":-24.389133,"x":-128.319139},"PR":{"y":18.220833,"x":-66.590149},"PS":{"y":31.952162,"x":35.233154},"PT":{"y":39.399872,"x":-8.224454},"PW":{"y":7.51498,"x":134.58252},"PY":{"y":-23.442503,"x":-58.443832},"QA":{"y":25.354826,"x":51.183884},"RE":{"y":-21.115141,"x":55.536384},"RO":{"y":45.943161,"x":24.96676},"RS":{"y":44.016521,"x":21.005859},"RU":{"y":61.52401,"x":105.318756},"RW":{"y":-1.940278,"x":29.873888},"SA":{"y":23.885942,"x":45.079162},"SB":{"y":-9.64571,"x":160.156194},"SC":{"y":-4.679574,"x":55.491977},"SD":{"y":12.862807,"x":30.217636},"SE":{"y":59.230382,"x":14.774278},"SG":{"y":1.352083,"x":103.819836},"SH":{"y":-15.969477,"x":-5.705962},"SI":{"y":46.151241,"x":14.995463},"SJ":{"y":77.553604,"x":23.670272},"SK":{"y":48.669026,"x":19.699024},"SL":{"y":8.460555,"x":-11.779889},"SM":{"y":43.94236,"x":12.457777},"SN":{"y":14.497401,"x":-14.452362},"SO":{"y":5.152149,"x":46.199616},"SR":{"y":3.919305,"x":-56.027783},"SS":{"y":7.080985,"x":30.386571},"ST":{"y":0.18636,"x":6.613081},"SV":{"y":13.794185,"x":-88.89653},"SY":{"y":34.802075,"x":38.996815},"SX":{"y":18.035336,"x":-63.050273},"SZ":{"y":-26.420698,"x":31.48599},"TC":{"y":21.694025,"x":-71.797928},"TD":{"y":15.454166,"x":18.732207},"TF":{"y":-49.280366,"x":69.348557},"TG":{"y":8.619543,"x":0.824782},"TH":{"y":15.870032,"x":100.992541},"TJ":{"y":38.861034,"x":71.276093},"TK":{"y":-8.967363,"x":-171.855881},